species,temp,po2,o2,A0_o2,A0_po2,n_po2,E_po2,n_o2,E_o2
plaice,8,3.9258560711829262,68.4880461430642,0.045096746884930664,0.669398336066138,-0.29830415621343126,0.4480174880221196,-0.2997687722762273,0.2938766747707809
cod,8,8.424736015845575,146.97271080101234,0.024917569566545037,0.36955886849418773,-0.29830415621343126,0.4480174880221196,-0.2997687722762273,0.2938766747707809
dab,8,4.435156318255306,77.37298185892118,0.037090157115896846,0.5507493624980585,-0.29830415621343126,0.4480174880221196,-0.2997687722762273,0.2938766747707809
flounder,13,4.244699944268697,65.88056917381127,0.011989871893829943,0.17832283374511762,-0.29830415621343126,0.4480174880221196,-0.2997687722762273,0.2938766747707809
