"","species","temp","po2","o2","A0_o2","A0_po2","n_po2","E_po2","n_o2","E_o2"
"1","plaice",8,3.92585607118293,68.4880461430642,0.0450967468849307,0.669398336066138,-0.298304156213431,0.448017488022119,-0.299768772276227,0.293876674770781
"2","cod",8,8.42473601584557,146.972710801012,0.0249175695665451,0.369558868494187,-0.298304156213431,0.448017488022119,-0.299768772276227,0.293876674770781
"3","dab",8,4.43515631825531,77.3729818589212,0.0370901571158969,0.550749362498058,-0.298304156213431,0.448017488022119,-0.299768772276227,0.293876674770781
"4","flounder",13,4.2446999442687,65.8805691738113,0.0119898718938299,0.178322833745118,-0.298304156213431,0.448017488022119,-0.299768772276227,0.293876674770781
