"","species","temp","po2","o2","A0_o2","A0_po2","n_po2","E_po2","n_o2","E_o2"
"1","plaice",8,3.92585607118293,2.19073691598479,1.40983954760438,0.669398336066138,-0.298304156213431,0.448017488022119,-0.299768750828517,0.293876747322418
"2","cod",8,8.42473601584557,4.70123709649353,0.778986889377372,0.369558868494187,-0.298304156213431,0.448017488022119,-0.299768750828517,0.293876747322418
"3","dab",8,4.43515631825531,2.47494062400443,1.15953309752452,0.550749362498058,-0.298304156213431,0.448017488022119,-0.299768750828517,0.293876747322418
"4","flounder",13,4.2446999442687,2.10733117767258,0.374834096120606,0.178322833745118,-0.298304156213431,0.448017488022119,-0.299768750828517,0.293876747322418
