species,mat_w,max_w,name,B
cod,250,17431.52914150126,juvenile,50
cod,250,17431.52914150126,adult,2100
dab,70,649.5487750455632,juvenile,30
dab,70,649.5487750455632,adult,210
flounder,80,2905.4737427415275,juvenile,30
flounder,80,2905.4737427415275,adult,500
plaice,190,5323.477939116719,juvenile,60
plaice,190,5323.477939116719,adult,1000
